{"cameraMode":{"drawMode":0,"name":"Shaded","section":"Shading Mode"},"sceneLighting":true,"audioPlay":false,"sceneViewState":{"showFog":true,"showMaterialUpdate":true,"showSkybox":true,"showFlares":true,"showImageEffects":true,"showParticleSystems":true},"in2DMode":false,"pivot":{"x":1.8961963653564454,"y":-0.6453115940093994,"z":-0.01347970962524414},"rotation":{"x":-0.15163861215114594,"y":-0.7080773115158081,"z":0.160057932138443,"w":-0.6708312034606934},"size":3.9247446060180666,"orthographic":false}